{
  "predictions": {
    "cpu": {
      "metric_type": "cpu",
      "current_value": 9.8,
      "predicted_value": 6.61,
      "trend": {
        "trend": "falling",
        "strength": 17.165200391006845,
        "velocity": -3.1927272727272724,
        "predicted_next": 6.607272727272728
      },
      "confidence": 0.33133919843597265,
      "horizon": "5m",
      "data_points": 50
    },
    "memory": {
      "metric_type": "memory",
      "current_value": 33.0,
      "predicted_value": 32.99,
      "trend": {
        "trend": "stable",
        "strength": 0.03874360038743525,
        "velocity": -0.012727272727272478,
        "predicted_next": 32.987272727272725
      },
      "confidence": 0.95,
      "horizon": "5m",
      "data_points": 50
    },
    "disk": {
      "metric_type": "disk",
      "current_value": 33.9,
      "predicted_value": 33.9,
      "trend": {
        "trend": "stable",
        "strength": 0.007155379056205604,
        "velocity": 0.0024242424242424585,
        "predicted_next": 33.90242424242424
      },
      "confidence": 0.95,
      "horizon": "15m",
      "data_points": 50
    },
    "load": {
      "metric_type": "load",
      "current_value": 0.3916015625,
      "predicted_value": 0.38,
      "trend": {
        "trend": "stable",
        "strength": 2.0266652565060186,
        "velocity": -0.013609730113636363,
        "predicted_next": 0.37799183238636364
      },
      "confidence": 0.7277260503939171,
      "horizon": "5m",
      "data_points": 50
    }
  },
  "alert_predictions": [],
  "suggestions": [],
  "timestamp": "2026-03-06T21:47:41.153263"
}