{
  "predictions": {
    "cpu": {
      "metric_type": "cpu",
      "current_value": 1.5,
      "predicted_value": 2.14,
      "trend": {
        "trend": "rising",
        "strength": 3.784727848898973,
        "velocity": 0.6369696969696971,
        "predicted_next": 2.136969696969697
      },
      "confidence": 0.43056928732428223,
      "horizon": "5m",
      "data_points": 50
    },
    "memory": {
      "metric_type": "memory",
      "current_value": 34.0,
      "predicted_value": 33.78,
      "trend": {
        "trend": "falling",
        "strength": 0.7017945343936538,
        "velocity": -0.2230303030303032,
        "predicted_next": 33.776969696969694
      },
      "confidence": 0.9047469029009145,
      "horizon": "5m",
      "data_points": 50
    },
    "disk": {
      "metric_type": "disk",
      "current_value": 35.5,
      "predicted_value": 35.46,
      "trend": {
        "trend": "stable",
        "strength": 0.10728243377863957,
        "velocity": -0.03818181818181782,
        "predicted_next": 35.46181818181818
      },
      "confidence": 0.95,
      "horizon": "15m",
      "data_points": 50
    },
    "load": {
      "metric_type": "load",
      "current_value": 0.728515625,
      "predicted_value": 0.65,
      "trend": {
        "trend": "stable",
        "strength": 9.378866617173966,
        "velocity": -0.0740234375,
        "predicted_next": 0.6544921875
      },
      "confidence": 0.6339978760243117,
      "horizon": "5m",
      "data_points": 50
    }
  },
  "alert_predictions": [],
  "suggestions": [],
  "timestamp": "2026-03-07T10:21:26.011263"
}