{
  "predictions": {
    "cpu": {
      "metric_type": "cpu",
      "current_value": 92.2,
      "predicted_value": 91.24,
      "trend": {
        "trend": "falling",
        "strength": 1.0103133500232513,
        "velocity": -0.9612121212121213,
        "predicted_next": 91.23878787878787
      },
      "confidence": 0.914010259330568,
      "horizon": "5m",
      "data_points": 50
    },
    "memory": {
      "metric_type": "memory",
      "current_value": 42.2,
      "predicted_value": 41.1,
      "trend": {
        "trend": "falling",
        "strength": 2.4199687487479453,
        "velocity": -1.0981818181818177,
        "predicted_next": 41.10181818181819
      },
      "confidence": 0.9314183123693685,
      "horizon": "5m",
      "data_points": 50
    },
    "disk": {
      "metric_type": "disk",
      "current_value": 41.9,
      "predicted_value": 41.91,
      "trend": {
        "trend": "stable",
        "strength": 0.013021115909633639,
        "velocity": 0.005454545454545532,
        "predicted_next": 41.905454545454546
      },
      "confidence": 0.95,
      "horizon": "15m",
      "data_points": 50
    },
    "load": {
      "metric_type": "load",
      "current_value": 4.55517578125,
      "predicted_value": 4.27,
      "trend": {
        "trend": "falling",
        "strength": 4.207133940546767,
        "velocity": -0.28942945075757576,
        "predicted_next": 4.265746330492425
      },
      "confidence": 0.9099496121890653,
      "horizon": "5m",
      "data_points": 50
    }
  },
  "alert_predictions": [
    {
      "alert_type": "cpu_high",
      "probability": 0.86,
      "current_value": 92.2,
      "predicted_value": 91.24,
      "threshold": 80,
      "severity": "critical",
      "estimated_time": "unknown"
    }
  ],
  "suggestions": [],
  "timestamp": "2026-03-10T12:47:27.126344"
}