{
  "predictions": {
    "cpu": {
      "metric_type": "cpu",
      "current_value": 74.3,
      "predicted_value": 73.43,
      "trend": {
        "trend": "falling",
        "strength": 0.956446683929363,
        "velocity": -0.8696969696969699,
        "predicted_next": 73.43030303030302
      },
      "confidence": 0.8964395928362927,
      "horizon": "5m",
      "data_points": 50
    },
    "memory": {
      "metric_type": "memory",
      "current_value": 45.2,
      "predicted_value": 45.28,
      "trend": {
        "trend": "stable",
        "strength": 0.15527669946736455,
        "velocity": 0.07818181818181805,
        "predicted_next": 45.27818181818182
      },
      "confidence": 0.9453150697688875,
      "horizon": "5m",
      "data_points": 50
    },
    "disk": {
      "metric_type": "disk",
      "current_value": 44.9,
      "predicted_value": 44.9,
      "trend": {
        "trend": "stable",
        "strength": 0.0,
        "velocity": 0.0,
        "predicted_next": 44.9
      },
      "confidence": 0.95,
      "horizon": "15m",
      "data_points": 50
    },
    "load": {
      "metric_type": "load",
      "current_value": 5.4326171875,
      "predicted_value": 5.54,
      "trend": {
        "trend": "rising",
        "strength": 1.7953735488202727,
        "velocity": 0.11102035984848485,
        "predicted_next": 5.543637547348485
      },
      "confidence": 0.9021507214553848,
      "horizon": "5m",
      "data_points": 50
    }
  },
  "alert_predictions": [],
  "suggestions": [],
  "timestamp": "2026-03-12T22:59:20.446759"
}