{
  "predictions": {
    "cpu": {
      "metric_type": "cpu",
      "current_value": 53.3,
      "predicted_value": 50.54,
      "trend": {
        "trend": "falling",
        "strength": 3.458646616541354,
        "velocity": -2.7600000000000002,
        "predicted_next": 50.54
      },
      "confidence": 0.8394344159854163,
      "horizon": "5m",
      "data_points": 50
    },
    "memory": {
      "metric_type": "memory",
      "current_value": 44.9,
      "predicted_value": 44.77,
      "trend": {
        "trend": "falling",
        "strength": 0.28686173264486503,
        "velocity": -0.13333333333333325,
        "predicted_next": 44.766666666666666
      },
      "confidence": 0.9369588038879735,
      "horizon": "5m",
      "data_points": 50
    },
    "disk": {
      "metric_type": "disk",
      "current_value": 44.9,
      "predicted_value": 44.9,
      "trend": {
        "trend": "stable",
        "strength": 0.009446502432474512,
        "velocity": 0.004242424242424303,
        "predicted_next": 44.904242424242426
      },
      "confidence": 0.95,
      "horizon": "15m",
      "data_points": 50
    },
    "load": {
      "metric_type": "load",
      "current_value": 5.60400390625,
      "predicted_value": 5.48,
      "trend": {
        "trend": "falling",
        "strength": 2.024362623076653,
        "velocity": -0.12190755208333333,
        "predicted_next": 5.482096354166667
      },
      "confidence": 0.8758669913149086,
      "horizon": "5m",
      "data_points": 50
    }
  },
  "alert_predictions": [],
  "suggestions": [],
  "timestamp": "2026-03-12T20:23:26.994937"
}