{
  "predictions": {
    "cpu": {
      "metric_type": "cpu",
      "current_value": 25.6,
      "predicted_value": 27.41,
      "trend": {
        "trend": "rising",
        "strength": 3.679653679653679,
        "velocity": 1.813333333333333,
        "predicted_next": 27.413333333333334
      },
      "confidence": 0.6522682659906586,
      "horizon": "5m",
      "data_points": 50
    },
    "memory": {
      "metric_type": "memory",
      "current_value": 36.1,
      "predicted_value": 36.73,
      "trend": {
        "trend": "rising",
        "strength": 1.465232370104759,
        "velocity": 0.6315151515151511,
        "predicted_next": 36.731515151515154
      },
      "confidence": 0.9162920670256088,
      "horizon": "5m",
      "data_points": 50
    },
    "disk": {
      "metric_type": "disk",
      "current_value": 36.2,
      "predicted_value": 36.22,
      "trend": {
        "trend": "stable",
        "strength": 0.04191290498344499,
        "velocity": 0.015151515151515367,
        "predicted_next": 36.21515151515152
      },
      "confidence": 0.95,
      "horizon": "15m",
      "data_points": 50
    },
    "load": {
      "metric_type": "load",
      "current_value": 4.65576171875,
      "predicted_value": 4.88,
      "trend": {
        "trend": "rising",
        "strength": 6.09941395272012,
        "velocity": 0.22511245265151514,
        "predicted_next": 4.880874171401516
      },
      "confidence": 0.7681414776575993,
      "horizon": "5m",
      "data_points": 50
    }
  },
  "alert_predictions": [],
  "suggestions": [],
  "timestamp": "2026-03-08T02:19:13.505443"
}