{
  "predictions": {
    "cpu": {
      "metric_type": "cpu",
      "current_value": 100.0,
      "predicted_value": 99.84,
      "trend": {
        "trend": "falling",
        "strength": 0.16690890337099698,
        "velocity": -0.16181818181818158,
        "predicted_next": 99.83818181818182
      },
      "confidence": 0.9430945401069133,
      "horizon": "5m",
      "data_points": 50
    },
    "memory": {
      "metric_type": "memory",
      "current_value": 45.2,
      "predicted_value": 44.87,
      "trend": {
        "trend": "falling",
        "strength": 0.7241243604879959,
        "velocity": -0.33454545454545415,
        "predicted_next": 44.86545454545455
      },
      "confidence": 0.9459959110610934,
      "horizon": "5m",
      "data_points": 50
    },
    "disk": {
      "metric_type": "disk",
      "current_value": 36.8,
      "predicted_value": 36.81,
      "trend": {
        "trend": "stable",
        "strength": 0.014826163236056388,
        "velocity": 0.0054545454545451445,
        "predicted_next": 36.805454545454545
      },
      "confidence": 0.95,
      "horizon": "15m",
      "data_points": 50
    },
    "load": {
      "metric_type": "load",
      "current_value": 7.08935546875,
      "predicted_value": 7.0,
      "trend": {
        "trend": "stable",
        "strength": 1.2601752424304578,
        "velocity": -0.09300130208333333,
        "predicted_next": 6.996354166666666
      },
      "confidence": 0.9333939067110854,
      "horizon": "5m",
      "data_points": 50
    }
  },
  "alert_predictions": [
    {
      "alert_type": "cpu_high",
      "probability": 1.0,
      "current_value": 100.0,
      "predicted_value": 99.84,
      "threshold": 80,
      "severity": "critical",
      "estimated_time": "unknown"
    }
  ],
  "suggestions": [],
  "timestamp": "2026-03-09T01:45:36.240239"
}