{
  "predictions": {
    "cpu": {
      "metric_type": "cpu",
      "current_value": 13.8,
      "predicted_value": 11.65,
      "trend": {
        "trend": "falling",
        "strength": 10.812706836863857,
        "velocity": -2.1484848484848484,
        "predicted_next": 11.651515151515152
      },
      "confidence": 0.3789181770185167,
      "horizon": "5m",
      "data_points": 50
    },
    "memory": {
      "metric_type": "memory",
      "current_value": 37.5,
      "predicted_value": 37.93,
      "trend": {
        "trend": "rising",
        "strength": 1.2425214524952064,
        "velocity": 0.4260606060606063,
        "predicted_next": 37.92606060606061
      },
      "confidence": 0.9067692431915724,
      "horizon": "5m",
      "data_points": 50
    },
    "disk": {
      "metric_type": "disk",
      "current_value": 35.5,
      "predicted_value": 35.5,
      "trend": {
        "trend": "stable",
        "strength": 0.0,
        "velocity": 0.0,
        "predicted_next": 35.5
      },
      "confidence": 0.95,
      "horizon": "15m",
      "data_points": 50
    },
    "load": {
      "metric_type": "load",
      "current_value": 1.4853515625,
      "predicted_value": 1.65,
      "trend": {
        "trend": "rising",
        "strength": 15.59455171180835,
        "velocity": 0.16520478219696969,
        "predicted_next": 1.6505563446969698
      },
      "confidence": 0.71858441093772,
      "horizon": "5m",
      "data_points": 50
    }
  },
  "alert_predictions": [],
  "suggestions": [],
  "timestamp": "2026-03-07T10:27:32.630055"
}