{
  "predictions": {
    "cpu": {
      "metric_type": "cpu",
      "current_value": 2.0,
      "predicted_value": 4.78,
      "trend": {
        "trend": "rising",
        "strength": 8.76524463035651,
        "velocity": 2.781212121212121,
        "predicted_next": 4.781212121212121
      },
      "confidence": 0.6240923519729931,
      "horizon": "5m",
      "data_points": 50
    },
    "memory": {
      "metric_type": "memory",
      "current_value": 40.1,
      "predicted_value": 41.2,
      "trend": {
        "trend": "rising",
        "strength": 2.9964955679241396,
        "velocity": 1.1012121212121213,
        "predicted_next": 41.20121212121212
      },
      "confidence": 0.8880201353132833,
      "horizon": "5m",
      "data_points": 50
    },
    "disk": {
      "metric_type": "disk",
      "current_value": 36.2,
      "predicted_value": 36.21,
      "trend": {
        "trend": "stable",
        "strength": 0.04024752226191132,
        "velocity": 0.014545454545454752,
        "predicted_next": 36.21454545454546
      },
      "confidence": 0.95,
      "horizon": "15m",
      "data_points": 50
    },
    "load": {
      "metric_type": "load",
      "current_value": 1.669921875,
      "predicted_value": 1.73,
      "trend": {
        "trend": "stable",
        "strength": 3.592429624845255,
        "velocity": 0.06320430871212121,
        "predicted_next": 1.7331261837121212
      },
      "confidence": 0.7139009863898207,
      "horizon": "5m",
      "data_points": 50
    }
  },
  "alert_predictions": [],
  "suggestions": [],
  "timestamp": "2026-03-08T04:08:17.234753"
}