{
  "predictions": {
    "cpu": {
      "metric_type": "cpu",
      "current_value": 63.2,
      "predicted_value": 60.06,
      "trend": {
        "trend": "falling",
        "strength": 4.041705213932446,
        "velocity": -3.1375757575757577,
        "predicted_next": 60.06242424242424
      },
      "confidence": 0.860653164759224,
      "horizon": "5m",
      "data_points": 50
    },
    "memory": {
      "metric_type": "memory",
      "current_value": 42.9,
      "predicted_value": 42.87,
      "trend": {
        "trend": "stable",
        "strength": 0.07170743367062299,
        "velocity": -0.032727272727272334,
        "predicted_next": 42.86727272727273
      },
      "confidence": 0.9464354693964951,
      "horizon": "5m",
      "data_points": 50
    },
    "disk": {
      "metric_type": "disk",
      "current_value": 43.4,
      "predicted_value": 43.31,
      "trend": {
        "trend": "stable",
        "strength": 0.19943493435266793,
        "velocity": -0.08727272727272747,
        "predicted_next": 43.31272727272727
      },
      "confidence": 0.95,
      "horizon": "15m",
      "data_points": 50
    },
    "load": {
      "metric_type": "load",
      "current_value": 5.69384765625,
      "predicted_value": 5.62,
      "trend": {
        "trend": "stable",
        "strength": 1.224400166252176,
        "velocity": -0.07152876420454546,
        "predicted_next": 5.622318892045454
      },
      "confidence": 0.9263678105857055,
      "horizon": "5m",
      "data_points": 50
    }
  },
  "alert_predictions": [],
  "suggestions": [],
  "timestamp": "2026-03-11T21:50:06.029813"
}