{
  "predictions": {
    "cpu": {
      "metric_type": "cpu",
      "current_value": 49.4,
      "predicted_value": 49.3,
      "trend": {
        "trend": "stable",
        "strength": 0.23655527608096835,
        "velocity": -0.095757575757576,
        "predicted_next": 49.304242424242425
      },
      "confidence": 0.5169544011828026,
      "horizon": "5m",
      "data_points": 50
    },
    "memory": {
      "metric_type": "memory",
      "current_value": 39.0,
      "predicted_value": 38.24,
      "trend": {
        "trend": "falling",
        "strength": 1.7607093424389972,
        "velocity": -0.7593939393939395,
        "predicted_next": 38.24060606060606
      },
      "confidence": 0.9089655910586811,
      "horizon": "5m",
      "data_points": 50
    },
    "disk": {
      "metric_type": "disk",
      "current_value": 36.3,
      "predicted_value": 36.3,
      "trend": {
        "trend": "stable",
        "strength": 0.0016691286313980024,
        "velocity": 0.0006060606060606146,
        "predicted_next": 36.30060606060606
      },
      "confidence": 0.95,
      "horizon": "15m",
      "data_points": 50
    },
    "load": {
      "metric_type": "load",
      "current_value": 2.69775390625,
      "predicted_value": 2.69,
      "trend": {
        "trend": "stable",
        "strength": 0.35056446821152704,
        "velocity": -0.006983901515151515,
        "predicted_next": 2.6907700047348486
      },
      "confidence": 0.8073233521527408,
      "horizon": "5m",
      "data_points": 50
    }
  },
  "alert_predictions": [],
  "suggestions": [],
  "timestamp": "2026-03-07T17:49:42.901845"
}