{
  "predictions": {
    "cpu": {
      "metric_type": "cpu",
      "current_value": 17.6,
      "predicted_value": 15.71,
      "trend": {
        "trend": "falling",
        "strength": 6.763914213770946,
        "velocity": -1.888484848484848,
        "predicted_next": 15.711515151515153
      },
      "confidence": 0.530147192937351,
      "horizon": "5m",
      "data_points": 50
    },
    "memory": {
      "metric_type": "memory",
      "current_value": 29.1,
      "predicted_value": 28.71,
      "trend": {
        "trend": "falling",
        "strength": 1.309638942617665,
        "velocity": -0.3939393939393936,
        "predicted_next": 28.706060606060607
      },
      "confidence": 0.9263576357375616,
      "horizon": "5m",
      "data_points": 50
    },
    "disk": {
      "metric_type": "disk",
      "current_value": 34.2,
      "predicted_value": 34.2,
      "trend": {
        "trend": "stable",
        "strength": 0.0,
        "velocity": 0.0,
        "predicted_next": 34.2
      },
      "confidence": 0.95,
      "horizon": "15m",
      "data_points": 50
    },
    "load": {
      "metric_type": "load",
      "current_value": 1.12255859375,
      "predicted_value": 1.1,
      "trend": {
        "trend": "stable",
        "strength": 1.27640379242563,
        "velocity": -0.018380089962121215,
        "predicted_next": 1.1041785037878789
      },
      "confidence": 0.7859334382471399,
      "horizon": "5m",
      "data_points": 50
    }
  },
  "alert_predictions": [],
  "suggestions": [],
  "timestamp": "2026-03-06T23:32:36.219411"
}