{
  "predictions": {
    "cpu": {
      "metric_type": "cpu",
      "current_value": 36.8,
      "predicted_value": 35.98,
      "trend": {
        "trend": "falling",
        "strength": 1.6310961765507221,
        "velocity": -0.8163636363636365,
        "predicted_next": 35.98363636363636
      },
      "confidence": 0.7299230593962109,
      "horizon": "5m",
      "data_points": 50
    },
    "memory": {
      "metric_type": "memory",
      "current_value": 34.2,
      "predicted_value": 31.08,
      "trend": {
        "trend": "falling",
        "strength": 6.409202958093674,
        "velocity": -3.1200000000000006,
        "predicted_next": 31.080000000000002
      },
      "confidence": 0.9013096717777223,
      "horizon": "5m",
      "data_points": 50
    },
    "disk": {
      "metric_type": "disk",
      "current_value": 31.9,
      "predicted_value": 31.9,
      "trend": {
        "trend": "stable",
        "strength": 0.0,
        "velocity": 0.0,
        "predicted_next": 31.9
      },
      "confidence": 0.95,
      "horizon": "15m",
      "data_points": 50
    },
    "load": {
      "metric_type": "load",
      "current_value": 1.7314453125,
      "predicted_value": 1.81,
      "trend": {
        "trend": "stable",
        "strength": 2.753300785818441,
        "velocity": 0.08185961174242425,
        "predicted_next": 1.8133049242424242
      },
      "confidence": 0.7443312343036848,
      "horizon": "5m",
      "data_points": 50
    }
  },
  "alert_predictions": [],
  "suggestions": [],
  "timestamp": "2026-03-06T04:51:29.003423"
}