{
  "predictions": {
    "cpu": {
      "metric_type": "cpu",
      "current_value": 45.9,
      "predicted_value": 47.46,
      "trend": {
        "trend": "rising",
        "strength": 2.2202731056306533,
        "velocity": 1.5648484848484845,
        "predicted_next": 47.46484848484848
      },
      "confidence": 0.8038832661499302,
      "horizon": "5m",
      "data_points": 50
    },
    "memory": {
      "metric_type": "memory",
      "current_value": 41.8,
      "predicted_value": 41.62,
      "trend": {
        "trend": "falling",
        "strength": 0.38965854316243664,
        "velocity": -0.17515151515151528,
        "predicted_next": 41.624848484848485
      },
      "confidence": 0.9402222338566963,
      "horizon": "5m",
      "data_points": 50
    },
    "disk": {
      "metric_type": "disk",
      "current_value": 40.9,
      "predicted_value": 40.9,
      "trend": {
        "trend": "stable",
        "strength": 0.0,
        "velocity": 0.0,
        "predicted_next": 40.9
      },
      "confidence": 0.95,
      "horizon": "15m",
      "data_points": 50
    },
    "load": {
      "metric_type": "load",
      "current_value": 4.35986328125,
      "predicted_value": 4.3,
      "trend": {
        "trend": "stable",
        "strength": 1.2966619467047262,
        "velocity": -0.061419862689393936,
        "predicted_next": 4.298443418560606
      },
      "confidence": 0.9135420434607114,
      "horizon": "5m",
      "data_points": 50
    }
  },
  "alert_predictions": [],
  "suggestions": [],
  "timestamp": "2026-03-10T07:49:44.351979"
}