{
  "predictions": {
    "cpu": {
      "metric_type": "cpu",
      "current_value": 0.3,
      "predicted_value": 2.29,
      "trend": {
        "trend": "rising",
        "strength": 5.79525553255851,
        "velocity": 1.9854545454545456,
        "predicted_next": 2.2854545454545456
      },
      "confidence": 0.49898879735293356,
      "horizon": "5m",
      "data_points": 50
    },
    "memory": {
      "metric_type": "memory",
      "current_value": 29.0,
      "predicted_value": 28.68,
      "trend": {
        "trend": "falling",
        "strength": 0.8935181639478186,
        "velocity": -0.3181818181818182,
        "predicted_next": 28.681818181818183
      },
      "confidence": 0.9131360733023606,
      "horizon": "5m",
      "data_points": 50
    },
    "disk": {
      "metric_type": "disk",
      "current_value": 36.4,
      "predicted_value": 36.41,
      "trend": {
        "trend": "stable",
        "strength": 0.035032404974602006,
        "velocity": 0.012727272727272908,
        "predicted_next": 36.412727272727274
      },
      "confidence": 0.95,
      "horizon": "15m",
      "data_points": 50
    },
    "load": {
      "metric_type": "load",
      "current_value": 0.85107421875,
      "predicted_value": 0.9,
      "trend": {
        "trend": "stable",
        "strength": 3.5923068400972773,
        "velocity": 0.04941702178030303,
        "predicted_next": 0.900491240530303
      },
      "confidence": 0.7106035531472366,
      "horizon": "5m",
      "data_points": 50
    }
  },
  "alert_predictions": [],
  "suggestions": [],
  "timestamp": "2026-03-08T05:34:53.276750"
}