{
  "predictions": {
    "cpu": {
      "metric_type": "cpu",
      "current_value": 54.4,
      "predicted_value": 56.31,
      "trend": {
        "trend": "rising",
        "strength": 10.29746410621613,
        "velocity": 1.906060606060606,
        "predicted_next": 56.306060606060605
      },
      "confidence": 0.3588101435751355,
      "horizon": "5m",
      "data_points": 50
    },
    "memory": {
      "metric_type": "memory",
      "current_value": 32.3,
      "predicted_value": 32.34,
      "trend": {
        "trend": "stable",
        "strength": 0.1407624633431076,
        "velocity": 0.043636363636363355,
        "predicted_next": 32.343636363636364
      },
      "confidence": 0.9441055504282131,
      "horizon": "5m",
      "data_points": 50
    },
    "disk": {
      "metric_type": "disk",
      "current_value": 34.6,
      "predicted_value": 34.61,
      "trend": {
        "trend": "stable",
        "strength": 0.036815946564283795,
        "velocity": 0.012727272727272908,
        "predicted_next": 34.61272727272728
      },
      "confidence": 0.95,
      "horizon": "15m",
      "data_points": 50
    },
    "load": {
      "metric_type": "load",
      "current_value": 0.8388671875,
      "predicted_value": 0.77,
      "trend": {
        "trend": "stable",
        "strength": 5.755584293143564,
        "velocity": -0.06756628787878788,
        "predicted_next": 0.7713008996212121
      },
      "confidence": 0.39990147402750253,
      "horizon": "5m",
      "data_points": 50
    }
  },
  "alert_predictions": [],
  "suggestions": [],
  "timestamp": "2026-03-07T01:56:13.216416"
}