{
  "predictions": {
    "cpu": {
      "metric_type": "cpu",
      "current_value": 38.1,
      "predicted_value": 35.99,
      "trend": {
        "trend": "falling",
        "strength": 2.7799406637198176,
        "velocity": -2.10969696969697,
        "predicted_next": 35.99030303030303
      },
      "confidence": 0.8635631040771464,
      "horizon": "5m",
      "data_points": 50
    },
    "memory": {
      "metric_type": "memory",
      "current_value": 45.8,
      "predicted_value": 45.88,
      "trend": {
        "trend": "stable",
        "strength": 0.1809719102952182,
        "velocity": 0.08424242424242406,
        "predicted_next": 45.88424242424242
      },
      "confidence": 0.9466810589872161,
      "horizon": "5m",
      "data_points": 50
    },
    "disk": {
      "metric_type": "disk",
      "current_value": 43.5,
      "predicted_value": 43.45,
      "trend": {
        "trend": "stable",
        "strength": 0.10437323870159682,
        "velocity": -0.045454545454545414,
        "predicted_next": 43.45454545454545
      },
      "confidence": 0.95,
      "horizon": "15m",
      "data_points": 50
    },
    "load": {
      "metric_type": "load",
      "current_value": 5.1171875,
      "predicted_value": 4.99,
      "trend": {
        "trend": "falling",
        "strength": 2.401651412801409,
        "velocity": -0.1296786221590909,
        "predicted_next": 4.987508877840909
      },
      "confidence": 0.9177597822441059,
      "horizon": "5m",
      "data_points": 50
    }
  },
  "alert_predictions": [],
  "suggestions": [],
  "timestamp": "2026-03-11T21:54:11.797082"
}