{
  "predictions": {
    "cpu": {
      "metric_type": "cpu",
      "current_value": 1.0,
      "predicted_value": 0,
      "trend": {
        "trend": "falling",
        "strength": 7.961512511367302,
        "velocity": -1.6448484848484848,
        "predicted_next": -0.6448484848484848
      },
      "confidence": 0.4090155407075238,
      "horizon": "5m",
      "data_points": 50
    },
    "memory": {
      "metric_type": "memory",
      "current_value": 30.5,
      "predicted_value": 30.21,
      "trend": {
        "trend": "falling",
        "strength": 0.8748223887666122,
        "velocity": -0.28545454545454557,
        "predicted_next": 30.214545454545455
      },
      "confidence": 0.9224035206826271,
      "horizon": "5m",
      "data_points": 50
    },
    "disk": {
      "metric_type": "disk",
      "current_value": 34.7,
      "predicted_value": 34.72,
      "trend": {
        "trend": "stable",
        "strength": 0.0437273164545898,
        "velocity": 0.015151515151515367,
        "predicted_next": 34.71515151515152
      },
      "confidence": 0.95,
      "horizon": "15m",
      "data_points": 50
    },
    "load": {
      "metric_type": "load",
      "current_value": 1.0927734375,
      "predicted_value": 1.02,
      "trend": {
        "trend": "stable",
        "strength": 5.821917392859959,
        "velocity": -0.0710256865530303,
        "predicted_next": 1.0217477509469697
      },
      "confidence": 0.7717697319456756,
      "horizon": "5m",
      "data_points": 50
    }
  },
  "alert_predictions": [],
  "suggestions": [],
  "timestamp": "2026-03-07T02:34:55.206525"
}