{
  "predictions": {
    "cpu": {
      "metric_type": "cpu",
      "current_value": 6.0,
      "predicted_value": 6.5,
      "trend": {
        "trend": "rising",
        "strength": 1.7607655502392332,
        "velocity": 0.5018181818181815,
        "predicted_next": 6.501818181818182
      },
      "confidence": 0.4837078519175351,
      "horizon": "5m",
      "data_points": 50
    },
    "memory": {
      "metric_type": "memory",
      "current_value": 43.2,
      "predicted_value": 43.67,
      "trend": {
        "trend": "rising",
        "strength": 1.3252753846813268,
        "velocity": 0.46848484848484906,
        "predicted_next": 43.66848484848485
      },
      "confidence": 0.9257052772413933,
      "horizon": "5m",
      "data_points": 50
    },
    "disk": {
      "metric_type": "disk",
      "current_value": 36.3,
      "predicted_value": 36.3,
      "trend": {
        "trend": "stable",
        "strength": 0.0,
        "velocity": 0.0,
        "predicted_next": 36.3
      },
      "confidence": 0.95,
      "horizon": "15m",
      "data_points": 50
    },
    "load": {
      "metric_type": "load",
      "current_value": 1.1787109375,
      "predicted_value": 1.17,
      "trend": {
        "trend": "stable",
        "strength": 0.7826769827780439,
        "velocity": -0.010588304924242424,
        "predicted_next": 1.1681226325757577
      },
      "confidence": 0.8415482148076894,
      "horizon": "5m",
      "data_points": 50
    }
  },
  "alert_predictions": [],
  "suggestions": [],
  "timestamp": "2026-03-07T22:28:54.646862"
}