{
  "predictions": {
    "cpu": {
      "metric_type": "cpu",
      "current_value": 100.0,
      "predicted_value": 100.01,
      "trend": {
        "trend": "stable",
        "strength": 0.008227405487678993,
        "velocity": 0.006666666666666288,
        "predicted_next": 100.00666666666666
      },
      "confidence": 0.8714856284894497,
      "horizon": "5m",
      "data_points": 50
    },
    "memory": {
      "metric_type": "memory",
      "current_value": 45.1,
      "predicted_value": 44.83,
      "trend": {
        "trend": "falling",
        "strength": 0.5837896248855146,
        "velocity": -0.26848484848484816,
        "predicted_next": 44.831515151515156
      },
      "confidence": 0.9378665940087851,
      "horizon": "5m",
      "data_points": 50
    },
    "disk": {
      "metric_type": "disk",
      "current_value": 44.9,
      "predicted_value": 44.91,
      "trend": {
        "trend": "stable",
        "strength": 0.012172607575419622,
        "velocity": 0.005454545454545532,
        "predicted_next": 44.905454545454546
      },
      "confidence": 0.95,
      "horizon": "15m",
      "data_points": 50
    },
    "load": {
      "metric_type": "load",
      "current_value": 6.0517578125,
      "predicted_value": 6.02,
      "trend": {
        "trend": "stable",
        "strength": 0.4645302119977537,
        "velocity": -0.028616240530303032,
        "predicted_next": 6.023141571969697
      },
      "confidence": 0.9057879850606917,
      "horizon": "5m",
      "data_points": 50
    }
  },
  "alert_predictions": [
    {
      "alert_type": "cpu_high",
      "probability": 1.0,
      "current_value": 100.0,
      "predicted_value": 100.01,
      "threshold": 80,
      "severity": "critical",
      "estimated_time": "unknown"
    }
  ],
  "suggestions": [],
  "timestamp": "2026-03-12T19:30:06.780349"
}