{
  "predictions": {
    "cpu": {
      "metric_type": "cpu",
      "current_value": 87.1,
      "predicted_value": 87.2,
      "trend": {
        "trend": "stable",
        "strength": 0.11782726522917382,
        "velocity": 0.09999999999999983,
        "predicted_next": 87.19999999999999
      },
      "confidence": 0.8826633615009745,
      "horizon": "5m",
      "data_points": 50
    },
    "memory": {
      "metric_type": "memory",
      "current_value": 46.2,
      "predicted_value": 45.84,
      "trend": {
        "trend": "falling",
        "strength": 0.843348979491605,
        "velocity": -0.3642424242424242,
        "predicted_next": 45.835757575757576
      },
      "confidence": 0.9397781456133707,
      "horizon": "5m",
      "data_points": 50
    },
    "disk": {
      "metric_type": "disk",
      "current_value": 44.2,
      "predicted_value": 44.2,
      "trend": {
        "trend": "stable",
        "strength": 0.0013708676907047536,
        "velocity": 0.0006060606060605716,
        "predicted_next": 44.20060606060606
      },
      "confidence": 0.95,
      "horizon": "15m",
      "data_points": 50
    },
    "load": {
      "metric_type": "load",
      "current_value": 5.390625,
      "predicted_value": 5.2,
      "trend": {
        "trend": "falling",
        "strength": 3.56812527014286,
        "velocity": -0.18859493371212122,
        "predicted_next": 5.202030066287879
      },
      "confidence": 0.8947592261649652,
      "horizon": "5m",
      "data_points": 50
    }
  },
  "alert_predictions": [
    {
      "alert_type": "cpu_high",
      "probability": 0.66,
      "current_value": 87.1,
      "predicted_value": 87.2,
      "threshold": 80,
      "severity": "warning",
      "estimated_time": "unknown"
    }
  ],
  "suggestions": [],
  "timestamp": "2026-03-12T15:34:13.346166"
}