{
  "predictions": {
    "cpu": {
      "metric_type": "cpu",
      "current_value": 82.8,
      "predicted_value": 82.68,
      "trend": {
        "trend": "falling",
        "strength": 0.3456359187584501,
        "velocity": -0.12242424242424305,
        "predicted_next": 82.67757575757575
      },
      "confidence": 0.39861745632496626,
      "horizon": "5m",
      "data_points": 50
    },
    "memory": {
      "metric_type": "memory",
      "current_value": 31.9,
      "predicted_value": 31.81,
      "trend": {
        "trend": "stable",
        "strength": 0.2941290297612143,
        "velocity": -0.09212121212121231,
        "predicted_next": 31.807878787878785
      },
      "confidence": 0.9214877067979161,
      "horizon": "5m",
      "data_points": 50
    },
    "disk": {
      "metric_type": "disk",
      "current_value": 34.5,
      "predicted_value": 34.51,
      "trend": {
        "trend": "stable",
        "strength": 0.028123461998172374,
        "velocity": 0.009696969696969834,
        "predicted_next": 34.50969696969697
      },
      "confidence": 0.95,
      "horizon": "15m",
      "data_points": 50
    },
    "load": {
      "metric_type": "load",
      "current_value": 2.3896484375,
      "predicted_value": 2.47,
      "trend": {
        "trend": "stable",
        "strength": 4.662602250436546,
        "velocity": 0.07814867424242425,
        "predicted_next": 2.467797111742424
      },
      "confidence": 0.7320840140197828,
      "horizon": "5m",
      "data_points": 50
    }
  },
  "alert_predictions": [
    {
      "alert_type": "cpu_high",
      "probability": 0.43,
      "current_value": 82.8,
      "predicted_value": 82.68,
      "threshold": 80,
      "severity": "warning",
      "estimated_time": "unknown"
    }
  ],
  "suggestions": [],
  "timestamp": "2026-03-07T01:13:26.912878"
}