{
  "predictions": {
    "cpu": {
      "metric_type": "cpu",
      "current_value": 90.8,
      "predicted_value": 89.04,
      "trend": {
        "trend": "falling",
        "strength": 2.145294978059484,
        "velocity": -1.7600000000000002,
        "predicted_next": 89.03999999999999
      },
      "confidence": 0.8285826976409505,
      "horizon": "5m",
      "data_points": 50
    },
    "memory": {
      "metric_type": "memory",
      "current_value": 47.4,
      "predicted_value": 46.94,
      "trend": {
        "trend": "falling",
        "strength": 1.0157214252473539,
        "velocity": -0.4563636363636361,
        "predicted_next": 46.943636363636365
      },
      "confidence": 0.9260677982268029,
      "horizon": "5m",
      "data_points": 50
    },
    "disk": {
      "metric_type": "disk",
      "current_value": 42.9,
      "predicted_value": 42.9,
      "trend": {
        "trend": "stable",
        "strength": 0.0014123994548138304,
        "velocity": -0.0006060606060606146,
        "predicted_next": 42.89939393939394
      },
      "confidence": 0.95,
      "horizon": "15m",
      "data_points": 50
    },
    "load": {
      "metric_type": "load",
      "current_value": 5.27783203125,
      "predicted_value": 5.14,
      "trend": {
        "trend": "falling",
        "strength": 2.913135017412133,
        "velocity": -0.14273792613636363,
        "predicted_next": 5.1350941051136365
      },
      "confidence": 0.9004252873937123,
      "horizon": "5m",
      "data_points": 50
    }
  },
  "alert_predictions": [
    {
      "alert_type": "cpu_high",
      "probability": 0.75,
      "current_value": 90.8,
      "predicted_value": 89.04,
      "threshold": 80,
      "severity": "critical",
      "estimated_time": "unknown"
    }
  ],
  "suggestions": [],
  "timestamp": "2026-03-11T08:05:45.589544"
}