{
  "predictions": {
    "cpu": {
      "metric_type": "cpu",
      "current_value": 34.7,
      "predicted_value": 33.06,
      "trend": {
        "trend": "falling",
        "strength": 4.955339520622766,
        "velocity": -1.6357575757575749,
        "predicted_next": 33.06424242424243
      },
      "confidence": 0.38017864191750894,
      "horizon": "5m",
      "data_points": 50
    },
    "memory": {
      "metric_type": "memory",
      "current_value": 39.5,
      "predicted_value": 40.22,
      "trend": {
        "trend": "rising",
        "strength": 1.8731636615702127,
        "velocity": 0.7206060606060608,
        "predicted_next": 40.22060606060606
      },
      "confidence": 0.9129061835219949,
      "horizon": "5m",
      "data_points": 50
    },
    "disk": {
      "metric_type": "disk",
      "current_value": 36.1,
      "predicted_value": 36.1,
      "trend": {
        "trend": "stable",
        "strength": 0.0,
        "velocity": 0.0,
        "predicted_next": 36.1
      },
      "confidence": 0.95,
      "horizon": "15m",
      "data_points": 50
    },
    "load": {
      "metric_type": "load",
      "current_value": 1.31591796875,
      "predicted_value": 1.34,
      "trend": {
        "trend": "stable",
        "strength": 1.6562786877325215,
        "velocity": 0.027897135416666666,
        "predicted_next": 1.3438151041666666
      },
      "confidence": 0.7863707063957137,
      "horizon": "5m",
      "data_points": 50
    }
  },
  "alert_predictions": [],
  "suggestions": [],
  "timestamp": "2026-03-07T16:00:41.032420"
}