{
  "predictions": {
    "cpu": {
      "metric_type": "cpu",
      "current_value": 99.8,
      "predicted_value": 99.84,
      "trend": {
        "trend": "stable",
        "strength": 0.0426846808392178,
        "velocity": 0.04181818181818168,
        "predicted_next": 99.84181818181818
      },
      "confidence": 0.948125865133074,
      "horizon": "5m",
      "data_points": 50
    },
    "memory": {
      "metric_type": "memory",
      "current_value": 49.2,
      "predicted_value": 49.19,
      "trend": {
        "trend": "stable",
        "strength": 0.012657907394749139,
        "velocity": -0.006060606060605888,
        "predicted_next": 49.193939393939395
      },
      "confidence": 0.95,
      "horizon": "5m",
      "data_points": 50
    },
    "disk": {
      "metric_type": "disk",
      "current_value": 43.8,
      "predicted_value": 43.8,
      "trend": {
        "trend": "stable",
        "strength": 0.0096836892089119,
        "velocity": 0.004242424242424303,
        "predicted_next": 43.804242424242425
      },
      "confidence": 0.95,
      "horizon": "15m",
      "data_points": 50
    },
    "load": {
      "metric_type": "load",
      "current_value": 7.98388671875,
      "predicted_value": 8.14,
      "trend": {
        "trend": "rising",
        "strength": 2.0644945077445946,
        "velocity": 0.15604876893939393,
        "predicted_next": 8.139935487689394
      },
      "confidence": 0.9311942665848689,
      "horizon": "5m",
      "data_points": 50
    }
  },
  "alert_predictions": [
    {
      "alert_type": "cpu_high",
      "probability": 1.0,
      "current_value": 99.8,
      "predicted_value": 99.84,
      "threshold": 80,
      "severity": "critical",
      "estimated_time": "unknown"
    }
  ],
  "suggestions": [],
  "timestamp": "2026-03-12T05:28:17.185278"
}