{
  "predictions": {
    "cpu": {
      "metric_type": "cpu",
      "current_value": 41.3,
      "predicted_value": 42.64,
      "trend": {
        "trend": "rising",
        "strength": 5.25664811379097,
        "velocity": 1.3393939393939391,
        "predicted_next": 42.63939393939393
      },
      "confidence": 0.5422855975945251,
      "horizon": "5m",
      "data_points": 50
    },
    "memory": {
      "metric_type": "memory",
      "current_value": 43.1,
      "predicted_value": 43.32,
      "trend": {
        "trend": "rising",
        "strength": 0.5576307567736866,
        "velocity": 0.22121212121212147,
        "predicted_next": 43.32121212121212
      },
      "confidence": 0.9246169056078553,
      "horizon": "5m",
      "data_points": 50
    },
    "disk": {
      "metric_type": "disk",
      "current_value": 36.3,
      "predicted_value": 36.3,
      "trend": {
        "trend": "stable",
        "strength": 0.0016691286313980024,
        "velocity": 0.0006060606060606146,
        "predicted_next": 36.30060606060606
      },
      "confidence": 0.95,
      "horizon": "15m",
      "data_points": 50
    },
    "load": {
      "metric_type": "load",
      "current_value": 2.458984375,
      "predicted_value": 2.53,
      "trend": {
        "trend": "stable",
        "strength": 4.451272141007616,
        "velocity": 0.07279829545454546,
        "predicted_next": 2.5317826704545454
      },
      "confidence": 0.8357661113276662,
      "horizon": "5m",
      "data_points": 50
    }
  },
  "alert_predictions": [],
  "suggestions": [],
  "timestamp": "2026-03-07T20:05:13.978238"
}