{
  "predictions": {
    "cpu": {
      "metric_type": "cpu",
      "current_value": 46.8,
      "predicted_value": 43.96,
      "trend": {
        "trend": "falling",
        "strength": 3.282594679449443,
        "velocity": -2.8387878787878784,
        "predicted_next": 43.96121212121212
      },
      "confidence": 0.8405155704417185,
      "horizon": "5m",
      "data_points": 50
    },
    "memory": {
      "metric_type": "memory",
      "current_value": 47.7,
      "predicted_value": 47.38,
      "trend": {
        "trend": "falling",
        "strength": 0.6135834685097681,
        "velocity": -0.3163636363636364,
        "predicted_next": 47.38363636363637
      },
      "confidence": 0.9270747203228693,
      "horizon": "5m",
      "data_points": 50
    },
    "disk": {
      "metric_type": "disk",
      "current_value": 45.3,
      "predicted_value": 45.3,
      "trend": {
        "trend": "stable",
        "strength": 0.0,
        "velocity": 0.0,
        "predicted_next": 45.3
      },
      "confidence": 0.95,
      "horizon": "15m",
      "data_points": 50
    },
    "load": {
      "metric_type": "load",
      "current_value": 6.36669921875,
      "predicted_value": 6.28,
      "trend": {
        "trend": "stable",
        "strength": 1.2313892991995512,
        "velocity": -0.08366773200757575,
        "predicted_next": 6.283031486742424
      },
      "confidence": 0.8493745266651855,
      "horizon": "5m",
      "data_points": 50
    }
  },
  "alert_predictions": [],
  "suggestions": [],
  "timestamp": "2026-03-13T02:19:16.961675"
}