{
  "predictions": {
    "cpu": {
      "metric_type": "cpu",
      "current_value": 97.3,
      "predicted_value": 94.27,
      "trend": {
        "trend": "falling",
        "strength": 3.7202762868652153,
        "velocity": -3.0309090909090908,
        "predicted_next": 94.2690909090909
      },
      "confidence": 0.8570856373976183,
      "horizon": "5m",
      "data_points": 50
    },
    "memory": {
      "metric_type": "memory",
      "current_value": 51.4,
      "predicted_value": 50.37,
      "trend": {
        "trend": "falling",
        "strength": 2.2140029848809295,
        "velocity": -1.0339393939393942,
        "predicted_next": 50.36606060606061
      },
      "confidence": 0.9245344156709909,
      "horizon": "5m",
      "data_points": 50
    },
    "disk": {
      "metric_type": "disk",
      "current_value": 44.5,
      "predicted_value": 44.51,
      "trend": {
        "trend": "stable",
        "strength": 0.017733035963961266,
        "velocity": 0.00787878787878799,
        "predicted_next": 44.50787878787879
      },
      "confidence": 0.95,
      "horizon": "15m",
      "data_points": 50
    },
    "load": {
      "metric_type": "load",
      "current_value": 6.876953125,
      "predicted_value": 6.73,
      "trend": {
        "trend": "falling",
        "strength": 2.4672934829757347,
        "velocity": -0.1479580965909091,
        "predicted_next": 6.7289950284090905
      },
      "confidence": 0.8975715665849943,
      "horizon": "5m",
      "data_points": 50
    }
  },
  "alert_predictions": [
    {
      "alert_type": "cpu_high",
      "probability": 1.0,
      "current_value": 97.3,
      "predicted_value": 94.27,
      "threshold": 80,
      "severity": "critical",
      "estimated_time": "unknown"
    }
  ],
  "suggestions": [],
  "timestamp": "2026-03-12T16:31:42.133989"
}