{
  "predictions": {
    "cpu": {
      "metric_type": "cpu",
      "current_value": 48.6,
      "predicted_value": 44.81,
      "trend": {
        "trend": "falling",
        "strength": 4.705439488048184,
        "velocity": -3.787878787878788,
        "predicted_next": 44.81212121212121
      },
      "confidence": 0.8993890380826308,
      "horizon": "5m",
      "data_points": 50
    },
    "memory": {
      "metric_type": "memory",
      "current_value": 42.6,
      "predicted_value": 42.21,
      "trend": {
        "trend": "falling",
        "strength": 0.8658008658008649,
        "velocity": -0.39454545454545414,
        "predicted_next": 42.20545454545455
      },
      "confidence": 0.9437707251399212,
      "horizon": "5m",
      "data_points": 50
    },
    "disk": {
      "metric_type": "disk",
      "current_value": 44.0,
      "predicted_value": 44.0,
      "trend": {
        "trend": "stable",
        "strength": 0.0,
        "velocity": 0.0,
        "predicted_next": 44.0
      },
      "confidence": 0.95,
      "horizon": "15m",
      "data_points": 50
    },
    "load": {
      "metric_type": "load",
      "current_value": 6.24169921875,
      "predicted_value": 6.05,
      "trend": {
        "trend": "falling",
        "strength": 2.589565150898155,
        "velocity": -0.18940873579545456,
        "predicted_next": 6.052290482954546
      },
      "confidence": 0.9095970114543845,
      "horizon": "5m",
      "data_points": 50
    }
  },
  "alert_predictions": [],
  "suggestions": [],
  "timestamp": "2026-03-12T08:03:36.091120"
}