{
  "metrics": {
    "cpu_usage": [
      [
        1772620343.9066317,
        56.32480408287519
      ],
      [
        1772620343.9177997,
        59.27458260467858
      ],
      [
        1772620343.9293213,
        52.49163561413736
      ],
      [
        1772620343.941029,
        56.33270966348262
      ],
      [
        1772620343.953367,
        54.82654728193511
      ],
      [
        1772620343.9656808,
        59.44375680463602
      ],
      [
        1772620343.977351,
        56.54894393758587
      ],
      [
        1772620343.9892194,
        61.95393307720889
      ],
      [
        1772620344.001379,
        54.82870172272604
      ],
      [
        1772620344.0132093,
        58.37703285991457
      ],
      [
        1772620344.025141,
        58.57964750559777
      ],
      [
        1772620344.0366724,
        62.3846106120992
      ],
      [
        1772620344.0486164,
        61.63309040354716
      ],
      [
        1772620344.0608954,
        60.74251480740459
      ],
      [
        1772620344.0726914,
        59.905807588083356
      ],
      [
        1772620344.0847626,
        65.4982822170942
      ],
      [
        1772620344.0971107,
        59.86800094019061
      ],
      [
        1772620344.1090071,
        66.91998887346251
      ],
      [
        1772620344.1213882,
        63.07996555596213
      ],
      [
        1772620344.1335232,
        65.86598911833669
      ]
    ],
    "memory_usage": [
      [
        1772620343.9073234,
        64.3246440949348
      ],
      [
        1772620343.9182954,
        60.95223298907723
      ],
      [
        1772620343.9298873,
        62.302274938366324
      ],
      [
        1772620343.9416647,
        61.589092276821916
      ],
      [
        1772620343.9544327,
        61.22444158197854
      ],
      [
        1772620343.9663944,
        61.17903351415285
      ],
      [
        1772620343.9778278,
        63.19175304683306
      ],
      [
        1772620343.9902868,
        57.988403305999036
      ],
      [
        1772620344.0018578,
        61.727516635174965
      ],
      [
        1772620344.0137637,
        60.095356795738944
      ],
      [
        1772620344.025672,
        58.65854364976606
      ],
      [
        1772620344.0373757,
        58.893265739118476
      ],
      [
        1772620344.04956,
        58.820064306129474
      ],
      [
        1772620344.0614915,
        59.18574985996672
      ],
      [
        1772620344.073466,
        58.25551856606886
      ],
      [
        1772620344.0855267,
        56.605997057121066
      ],
      [
        1772620344.0979133,
        57.5528565868311
      ],
      [
        1772620344.1098664,
        56.60026861976813
      ],
      [
        1772620344.1222425,
        58.413317587294884
      ],
      [
        1772620344.13435,
        58.207560619934874
      ]
    ]
  },
  "last_updated": "2026-03-04T18:32:24.134362"
}